id,filename,title,category,what_it_covers,meter_to_cash_relevance,authoritative_source,source_type,source_url_status,source_url_reasons,source_url_notes,source_url_display,status,review_reasons,reference_number_in_text,library_use,copyright_note,pdf_pages,pdf_bytes,pdf_sha256
01,01_Utilities_Master_Data.pdf,Utilities Master Data,Master Data & Customer Lifecycle,"Foundation source for Business Partner, Contract Account, Contract, Point of Delivery, Connection Object, Premise, Device Location, Installation and Device.",Use this to establish SAP Utilities business and technical master-data relationships before teaching transactions.,https://help.sap.com/docs/SAP_S4HANA_ON-PREMISE/021b182b0c47416c8fafed67ebfd78a9/0a6ace53118d4308e10000000a174cb4.html,SAP Help Portal,ok,,printed text differs only by layout artefacts: 6x literal '&#8203;' (zero-width-space HTML entity) in the printed text; printed URL wraps over several lines,https:/&#8203;/&#8203;help.sap.com/&#8203;docs/&#8203;SAP_S4HANA_ON-PREMISE/&#8203;021b182b0c47416c8fafed67ebfd78a\n9/&#8203;0a6ace53118d4308e10000000a174cb4.html,verified,,01,"Use this reference sheet as an index record for the Utilities AI knowledge library. The SAP Help page is the authoritative source. Store product knowledge separately from client-specific configuration, custom developments, regulatory rules and operating procedures.",This file is an original reference summary and link index. It is not a reproduction of SAP documentation. SAP product names and documentation remain the property of SAP and their respective rights holders.,1,3178,c4aecd08f56a9cfda1dd8b10914e341478bb2f76f68c2e6f669a7c31266fce40
02,02_Move_In_Out_Overview.pdf,Move-In/Out Overview,Master Data & Customer Lifecycle,Overview of the customer service lifecycle around starting and ending utility service.,Useful for connecting customer/service setup to billing eligibility and final billing.,https://help.sap.com/docs/SAP_S4HANA_ON-PREMISE/f4a255a5de524e3992155767996fb1fd/8082ce53118d4308e10000000a174cb4.html,SAP Help Portal,ok,,printed text differs only by layout artefacts: 6x literal '&#8203;' (zero-width-space HTML entity) in the printed text; printed URL wraps over several lines,https:/&#8203;/&#8203;help.sap.com/&#8203;docs/&#8203;SAP_S4HANA_ON-PREMISE/&#8203;f4a255a5de524e3992155767996fb1\nfd/&#8203;8082ce53118d4308e10000000a174cb4.html,verified,,02,"Use this reference sheet as an index record for the Utilities AI knowledge library. The SAP Help page is the authoritative source. Store product knowledge separately from client-specific configuration, custom developments, regulatory rules and operating procedures.",This file is an original reference summary and link index. It is not a reproduction of SAP documentation. SAP product names and documentation remain the property of SAP and their respective rights holders.,1,3124,80c862abcf09508bd079014fb7ae1463d49dbe9e7901c5a59b2e781ad2620f04
03,03_Move_In_Process.pdf,Move-In Process,Master Data & Customer Lifecycle,Explains the move-in process and creation of the customer-service relationship for a utility installation.,Use for service-start reasoning and the transition from master data into billable service.,https://help.sap.com/docs/SAP_S4HANA_ON-PREMISE/f4a255a5de524e3992155767996fb1fd/0981ce53118d4308e10000000a174cb4.html,SAP Help Portal,ok,,printed text differs only by layout artefacts: 6x literal '&#8203;' (zero-width-space HTML entity) in the printed text; printed URL wraps over several lines,https:/&#8203;/&#8203;help.sap.com/&#8203;docs/&#8203;SAP_S4HANA_ON-PREMISE/&#8203;f4a255a5de524e3992155767996fb1\nfd/&#8203;0981ce53118d4308e10000000a174cb4.html,verified,,03,"Use this reference sheet as an index record for the Utilities AI knowledge library. The SAP Help page is the authoritative source. Store product knowledge separately from client-specific configuration, custom developments, regulatory rules and operating procedures.",This file is an original reference summary and link index. It is not a reproduction of SAP documentation. SAP product names and documentation remain the property of SAP and their respective rights holders.,1,3131,a360a36d72d1c8bf0ac9de392ad28c9f4a976ea2b619f91723d0f2a5730a93f0
04,04_Move_Out_Process.pdf,Move-Out Process,Master Data & Customer Lifecycle,Explains termination of the customer-service relationship and related final processing.,"Use for service stop, final meter reading, final billing and downstream account effects.",https://help.sap.com/docs/SAP_S4HANA_ON-PREMISE/f4a255a5de524e3992155767996fb1fd/0f81ce53118d4308e10000000a174cb4.html,SAP Help Portal,ok,,printed text differs only by layout artefacts: 6x literal '&#8203;' (zero-width-space HTML entity) in the printed text; printed URL wraps over several lines,https:/&#8203;/&#8203;help.sap.com/&#8203;docs/&#8203;SAP_S4HANA_ON-PREMISE/&#8203;f4a255a5de524e3992155767996fb1\nfd/&#8203;0f81ce53118d4308e10000000a174cb4.html,verified,,04,"Use this reference sheet as an index record for the Utilities AI knowledge library. The SAP Help page is the authoritative source. Store product knowledge separately from client-specific configuration, custom developments, regulatory rules and operating procedures.",This file is an original reference summary and link index. It is not a reproduction of SAP documentation. SAP product names and documentation remain the property of SAP and their respective rights holders.,1,3142,2f06b2544b60e7f8e8200d2935dc4975f9528effc756bdce1745e85459f96745
05,05_Device_Management_Overview.pdf,Device Management Overview,Device Management & Meter Reading,"Parent topic for devices, technical installations, meter reading and related device processes.",Establishes how physical metering assets connect to the Meter-to-Cash chain.,https://help.sap.com/docs/SAP_S4HANA_ON-PREMISE/021b182b0c47416c8fafed67ebfd78a9/8990d0533f8e4308e10000000a174cb4.html,SAP Help Portal,ok,,printed text differs only by layout artefacts: 6x literal '&#8203;' (zero-width-space HTML entity) in the printed text; printed URL wraps over several lines,https:/&#8203;/&#8203;help.sap.com/&#8203;docs/&#8203;SAP_S4HANA_ON-PREMISE/&#8203;021b182b0c47416c8fafed67ebfd78a\n9/&#8203;8990d0533f8e4308e10000000a174cb4.html,verified,,05,"Use this reference sheet as an index record for the Utilities AI knowledge library. The SAP Help page is the authoritative source. Store product knowledge separately from client-specific configuration, custom developments, regulatory rules and operating procedures.",This file is an original reference summary and link index. It is not a reproduction of SAP documentation. SAP product names and documentation remain the property of SAP and their respective rights holders.,1,3123,34c7b911e61c2ded45ff0d86b179d24b56d1818a64ed989ea7f496ac557ef6d3
06,06_Reading_Meters.pdf,Reading Meters,Device Management & Meter Reading,"Covers meter-reading orders, meter-reading results, validation/correction and transfer of results toward billing.",Core source for teaching meter-read lifecycle and the handoff from metering to billing.,https://help.sap.com/docs/SAP_S4HANA_ON-PREMISE/2ac7fe29a0c94cdd88fb80c2cb9f7758/bc90d0533f8e4308e10000000a174cb4.html,SAP Help Portal,ok,,printed text differs only by layout artefacts: 6x literal '&#8203;' (zero-width-space HTML entity) in the printed text; printed URL wraps over several lines,https:/&#8203;/&#8203;help.sap.com/&#8203;docs/&#8203;SAP_S4HANA_ON-PREMISE/&#8203;2ac7fe29a0c94cdd88fb80c2cb9f775\n8/&#8203;bc90d0533f8e4308e10000000a174cb4.html,verified,,06,"Use this reference sheet as an index record for the Utilities AI knowledge library. The SAP Help page is the authoritative source. Store product knowledge separately from client-specific configuration, custom developments, regulatory rules and operating procedures.",This file is an original reference summary and link index. It is not a reproduction of SAP documentation. SAP product names and documentation remain the property of SAP and their respective rights holders.,1,3120,7b2fbc621ab30b94c45acf3f5e93f13cd9706dc9126ef9640702072b8f0bc245
07,07_Monitoring_Meter_Reading_Results.pdf,Monitoring Meter Reading Results,Device Management & Meter Reading,Covers operational monitoring of meter-reading results across business objects and organizational criteria.,Useful for exception monitoring and support/troubleshooting scenarios.,https://help.sap.com/docs/SAP_S4HANA_ON-PREMISE/2ac7fe29a0c94cdd88fb80c2cb9f7758/4d76765c1e012b8ae10000000a42189b.html,SAP Help Portal,ok,,printed text differs only by layout artefacts: 6x literal '&#8203;' (zero-width-space HTML entity) in the printed text; printed URL wraps over several lines,https:/&#8203;/&#8203;help.sap.com/&#8203;docs/&#8203;SAP_S4HANA_ON-PREMISE/&#8203;2ac7fe29a0c94cdd88fb80c2cb9f775\n8/&#8203;4d76765c1e012b8ae10000000a42189b.html,verified,,07,"Use this reference sheet as an index record for the Utilities AI knowledge library. The SAP Help page is the authoritative source. Store product knowledge separately from client-specific configuration, custom developments, regulatory rules and operating procedures.",This file is an original reference summary and link index. It is not a reproduction of SAP documentation. SAP product names and documentation remain the property of SAP and their respective rights holders.,1,3147,1e5c1ca1c2b882afaa888bfb08170deebd6dc7dec8e8f2cadb3c65995ea37ffd
08,08_Meter_Reading_Estimation.pdf,Meter Reading Estimation,Device Management & Meter Reading,"Explains estimation when readings are missing, unavailable or unsuitable for direct use.",Important for estimated-bill and catch-up-bill reasoning.,https://help.sap.com/docs/SAP_S4HANA_ON-PREMISE/2ac7fe29a0c94cdd88fb80c2cb9f7758/d090d0533f8e4308e10000000a174cb4.html,SAP Help Portal,ok,,printed text differs only by layout artefacts: 6x literal '&#8203;' (zero-width-space HTML entity) in the printed text; printed URL wraps over several lines,https:/&#8203;/&#8203;help.sap.com/&#8203;docs/&#8203;SAP_S4HANA_ON-PREMISE/&#8203;2ac7fe29a0c94cdd88fb80c2cb9f775\n8/&#8203;d090d0533f8e4308e10000000a174cb4.html,verified,,08,"Use this reference sheet as an index record for the Utilities AI knowledge library. The SAP Help page is the authoritative source. Store product knowledge separately from client-specific configuration, custom developments, regulatory rules and operating procedures.",This file is an original reference summary and link index. It is not a reproduction of SAP documentation. SAP product names and documentation remain the property of SAP and their respective rights holders.,1,3119,602af6717cf73977c8e1d01f0bccad5d634856df54bf42e26af8bffa3da40532
09,09_Estimation_Procedure_Details.pdf,Estimation Procedure Details,Device Management & Meter Reading,Deeper reference for estimation procedures such as extrapolation/interpolation and use in meter-reading/billing contexts.,Use for advanced estimation logic and validation scenarios.,https://help.sap.com/docs/SAP_S4HANA_ON-PREMISE/2ac7fe29a0c94cdd88fb80c2cb9f7758/bf74c1d28fd54f77b228772b98b72fba.html,SAP Help Portal,ok,,printed text differs only by layout artefacts: 6x literal '&#8203;' (zero-width-space HTML entity) in the printed text; printed URL wraps over several lines,https:/&#8203;/&#8203;help.sap.com/&#8203;docs/&#8203;SAP_S4HANA_ON-PREMISE/&#8203;2ac7fe29a0c94cdd88fb80c2cb9f775\n8/&#8203;bf74c1d28fd54f77b228772b98b72fba.html,verified,,09,"Use this reference sheet as an index record for the Utilities AI knowledge library. The SAP Help page is the authoritative source. Store product knowledge separately from client-specific configuration, custom developments, regulatory rules and operating procedures.",This file is an original reference summary and link index. It is not a reproduction of SAP documentation. SAP product names and documentation remain the property of SAP and their respective rights holders.,1,3139,e10bdb4dd6e295b4dd7d8be40193f30ba5f05eea41ccd77a73059cea36fc24db
10,10_Meter_Reading_Data_During_Move_In.pdf,Meter Reading Data During Move-In,Device Management & Meter Reading,Shows how meter-reading data participates in the move-in process.,"Good cross-process example connecting customer lifecycle, metering and billing.",https://help.sap.com/docs/SAP_S4HANA_ON-PREMISE/f4a255a5de524e3992155767996fb1fd/b781ce53118d4308e10000000a174cb4.html,SAP Help Portal,ok,,printed text differs only by layout artefacts: 6x literal '&#8203;' (zero-width-space HTML entity) in the printed text; printed URL wraps over several lines,https:/&#8203;/&#8203;help.sap.com/&#8203;docs/&#8203;SAP_S4HANA_ON-PREMISE/&#8203;f4a255a5de524e3992155767996fb1\nfd/&#8203;b781ce53118d4308e10000000a174cb4.html,verified,,10,"Use this reference sheet as an index record for the Utilities AI knowledge library. The SAP Help page is the authoritative source. Store product knowledge separately from client-specific configuration, custom developments, regulatory rules and operating procedures.",This file is an original reference summary and link index. It is not a reproduction of SAP documentation. SAP product names and documentation remain the property of SAP and their respective rights holders.,1,3129,a0acaa1f1a625505bae741d5ac8d04960c386914f97a2382a6ba7b3185133c9f
11,11_SAP_Utilities_Billing_Procedure.pdf,SAP Utilities Billing Procedure,Billing,Explains the billing procedure from consumption/profile data through rate/schema calculation to billing results.,Primary business-process source for SAP Utilities billing.,https://help.sap.com/docs/SAP_S4HANA_ON-PREMISE/ed84b70c199d4470ae2e5ccb93b2e45b/147bce53118d4308e10000000a174cb4.html,SAP Help Portal,ok,,printed text differs only by layout artefacts: 6x literal '&#8203;' (zero-width-space HTML entity) in the printed text; printed URL wraps over several lines,https:/&#8203;/&#8203;help.sap.com/&#8203;docs/&#8203;SAP_S4HANA_ON-PREMISE/&#8203;ed84b70c199d4470ae2e5ccb93b2e\n45b/&#8203;147bce53118d4308e10000000a174cb4.html,verified,,11,"Use this reference sheet as an index record for the Utilities AI knowledge library. The SAP Help page is the authoritative source. Store product knowledge separately from client-specific configuration, custom developments, regulatory rules and operating procedures.",This file is an original reference summary and link index. It is not a reproduction of SAP documentation. SAP product names and documentation remain the property of SAP and their respective rights holders.,1,3097,b2381818bd893be3217aa562e94639741223cbb98244c008bd7e77432e009579
12,12_Automatic_Billing.pdf,Automatic Billing,Billing,Describes automatic billing and the master/configuration elements participating in rate calculation.,"Useful for understanding installation, rate type, schema, operand, price and billing relationships.",https://help.sap.com/docs/SAP_S4HANA_ON-PREMISE/ed84b70c199d4470ae2e5ccb93b2e45b/297bce53118d4308e10000000a174cb4.html,SAP Help Portal,ok,,printed text differs only by layout artefacts: 6x literal '&#8203;' (zero-width-space HTML entity) in the printed text; printed URL wraps over several lines,https:/&#8203;/&#8203;help.sap.com/&#8203;docs/&#8203;SAP_S4HANA_ON-PREMISE/&#8203;ed84b70c199d4470ae2e5ccb93b2e\n45b/&#8203;297bce53118d4308e10000000a174cb4.html,verified,,12,"Use this reference sheet as an index record for the Utilities AI knowledge library. The SAP Help page is the authoritative source. Store product knowledge separately from client-specific configuration, custom developments, regulatory rules and operating procedures.",This file is an original reference summary and link index. It is not a reproduction of SAP documentation. SAP product names and documentation remain the property of SAP and their respective rights holders.,1,3109,f8e3ce1a07ed48b0f3b84fe4f323177a58f0ff85c07c34e2f71b980f239cb628
13,13_Budget_Billing_Plan.pdf,Budget Billing Plan,Billing,Reference for utility budget billing plans and periodic payment concepts.,Important because interim/budget amounts can affect the customer balance independently of final consumption billing.,https://help.sap.com/docs/SAP_S4HANA_ON-PREMISE/021b182b0c47416c8fafed67ebfd78a9/c1a5e8aee73440ee971a768af5b9ea1b.html,SAP Help Portal,ok,,printed text differs only by layout artefacts: 6x literal '&#8203;' (zero-width-space HTML entity) in the printed text; printed URL wraps over several lines,https:/&#8203;/&#8203;help.sap.com/&#8203;docs/&#8203;SAP_S4HANA_ON-PREMISE/&#8203;021b182b0c47416c8fafed67ebfd78a\n9/&#8203;c1a5e8aee73440ee971a768af5b9ea1b.html,verified,,13,"Use this reference sheet as an index record for the Utilities AI knowledge library. The SAP Help page is the authoritative source. Store product knowledge separately from client-specific configuration, custom developments, regulatory rules and operating procedures.",This file is an original reference summary and link index. It is not a reproduction of SAP documentation. SAP product names and documentation remain the property of SAP and their respective rights holders.,1,3111,679da0708a9e35159e40aef0e4bafaa6b97c925751f6d7726a37fc37a6c25a3c
14,14_SAP_Utilities_Invoicing_Procedure.pdf,SAP Utilities Invoicing Procedure,Invoicing,"Explains how billing results become invoices, print documents and FI-CA postings.","Critical for distinguishing billing document, invoicing result, customer bill and FI-CA document.",https://help.sap.com/docs/sap_s4hana_on-premise/a003b275c98148ee8a4c3fafe9588fe3/cc7bce53118d4308e10000000a174cb4.html,SAP Help Portal,needs_review,product segment 'sap_s4hana_on-premise' differs from 'SAP_S4HANA_ON-PREMISE' used by the other cards,printed text differs only by layout artefacts: 6x literal '&#8203;' (zero-width-space HTML entity) in the printed text; printed URL wraps over several lines,https:/&#8203;/&#8203;help.sap.com/&#8203;docs/&#8203;sap_s4hana_on-premise/&#8203;a003b275c98148ee8a4c3fafe9588fe3/&#\n8203;cc7bce53118d4308e10000000a174cb4.html,needs_review,URL: product segment 'sap_s4hana_on-premise' differs from 'SAP_S4HANA_ON-PREMISE' used by the other cards,14,"Use this reference sheet as an index record for the Utilities AI knowledge library. The SAP Help page is the authoritative source. Store product knowledge separately from client-specific configuration, custom developments, regulatory rules and operating procedures.",This file is an original reference summary and link index. It is not a reproduction of SAP documentation. SAP product names and documentation remain the property of SAP and their respective rights holders.,1,3103,ff53f87e163f55f3a5807fc9ababbdb157e0ce28cf278cf433552b6b1e74b8d1
15,15_Processing_Budget_Billing_Plans.pdf,Processing Budget Billing Plans,Invoicing,Explains treatment of budget billing plans in the invoicing process.,Use to connect budget billing with periodic invoicing and reconciliation.,https://help.sap.com/docs/SAP_S4HANA_ON-PREMISE/a003b275c98148ee8a4c3fafe9588fe3/147cce53118d4308e10000000a174cb4.html,SAP Help Portal,ok,,printed text differs only by layout artefacts: 6x literal '&#8203;' (zero-width-space HTML entity) in the printed text; printed URL wraps over several lines,https:/&#8203;/&#8203;help.sap.com/&#8203;docs/&#8203;SAP_S4HANA_ON-PREMISE/&#8203;a003b275c98148ee8a4c3fafe9588fe\n3/&#8203;147cce53118d4308e10000000a174cb4.html,verified,,15,"Use this reference sheet as an index record for the Utilities AI knowledge library. The SAP Help page is the authoritative source. Store product knowledge separately from client-specific configuration, custom developments, regulatory rules and operating procedures.",This file is an original reference summary and link index. It is not a reproduction of SAP documentation. SAP product names and documentation remain the property of SAP and their respective rights holders.,1,3088,ac9f2c91a9064e47fbd4983278f92a6f7498bac863a98c676998228cd1f162f5
16,16_Periodic_Billing_and_Invoicing_Analysis.pdf,Periodic Billing and Invoicing Analysis,Invoicing,Modern analytical view of periodic billing/invoicing execution and status.,"Useful for operational monitoring, KPIs and exception-management use cases.",https://help.sap.com/docs/SAP_S4HANA_ON-PREMISE/021b182b0c47416c8fafed67ebfd78a9/549661e6541f403ea56196782e040bcc.html,SAP Help Portal,ok,,printed text differs only by layout artefacts: 6x literal '&#8203;' (zero-width-space HTML entity) in the printed text; printed URL wraps over several lines,https:/&#8203;/&#8203;help.sap.com/&#8203;docs/&#8203;SAP_S4HANA_ON-PREMISE/&#8203;021b182b0c47416c8fafed67ebfd78a\n9/&#8203;549661e6541f403ea56196782e040bcc.html,verified,,16,"Use this reference sheet as an index record for the Utilities AI knowledge library. The SAP Help page is the authoritative source. Store product knowledge separately from client-specific configuration, custom developments, regulatory rules and operating procedures.",This file is an original reference summary and link index. It is not a reproduction of SAP documentation. SAP product names and documentation remain the property of SAP and their respective rights holders.,1,3121,5c91543689208443f5f2bedb19a5584d31ac2400b5c3ee5db569ba3fc2d51232
17,17_Contract_Accounts_Overview.pdf,Contract Accounts Overview,FI-CA / Contract Accounting,Foundation reference for contract accounts and their role in subledger processing.,"Use to connect utility invoicing to receivables, payments and dunning.",https://help.sap.com/docs/SAP_S4HANA_ON-PREMISE/e52c8ee6197147ec97dfc2eb8c46a3ad/0bfcc5536a51204be10000000a174cb4.html,SAP Help Portal,ok,,printed text differs only by layout artefacts: 6x literal '&#8203;' (zero-width-space HTML entity) in the printed text; printed URL wraps over several lines,https:/&#8203;/&#8203;help.sap.com/&#8203;docs/&#8203;SAP_S4HANA_ON-PREMISE/&#8203;e52c8ee6197147ec97dfc2eb8c46a3\nad/&#8203;0bfcc5536a51204be10000000a174cb4.html,verified,,17,"Use this reference sheet as an index record for the Utilities AI knowledge library. The SAP Help page is the authoritative source. Store product knowledge separately from client-specific configuration, custom developments, regulatory rules and operating procedures.",This file is an original reference summary and link index. It is not a reproduction of SAP documentation. SAP product names and documentation remain the property of SAP and their respective rights holders.,1,3108,0b07f58bc21c42dd9380e5ff0362c3cc609afa7e92fd890b55a469ebd29eb5e1
18,18_Contract_Account_Business_Object.pdf,Contract Account Business Object,FI-CA / Contract Accounting,"Current FI-CA definition of the contract account and its control role for postings, payments and dunning.",Important for teaching Business Partner/Contract Account financial relationships.,https://help.sap.com/docs/SAP_S4HANA_ON-PREMISE/9442486404b54071b4ebeab6a16628e7/b1a202c9bb3011da2b24000f20dac9ef.html?version=2025.001,SAP Help Portal,needs_review,query string '?version=2025.001' present (not on most cards; version pin to be confirmed),printed text differs only by layout artefacts: 7x literal '&#8203;' (zero-width-space HTML entity) in the printed text; printed URL wraps over several lines,https:/&#8203;/&#8203;help.sap.com/&#8203;docs/&#8203;SAP_S4HANA_ON-PREMISE/&#8203;9442486404b54071b4ebeab6a1662\n8e7/&#8203;b1a202c9bb3011da2b24000f20dac9ef.html?&#8203;version=2025.001,needs_review,URL: query string '?version=2025.001' present (not on most cards; version pin to be confirmed),18,"Use this reference sheet as an index record for the Utilities AI knowledge library. The SAP Help page is the authoritative source. Store product knowledge separately from client-specific configuration, custom developments, regulatory rules and operating procedures.",This file is an original reference summary and link index. It is not a reproduction of SAP documentation. SAP product names and documentation remain the property of SAP and their respective rights holders.,1,3184,36b4c4ac10ac684edbf63899161d03fb64f172e876aa53b3ca27229af1881203
19,19_Analyze_Incoming_Payments.pdf,Analyze Incoming Payments,Payments & Clearing,Current functionality for analysis of incoming payments and payment clarification.,"Useful for operations, exception management and payment-analysis scenarios.",https://help.sap.com/docs/SAP_S4HANA_ON-PREMISE/9442486404b54071b4ebeab6a16628e7/063bf3eb68e347efa5c0fc1d389f70f7.html,SAP Help Portal,ok,,printed text differs only by layout artefacts: 6x literal '&#8203;' (zero-width-space HTML entity) in the printed text; printed URL wraps over several lines,https:/&#8203;/&#8203;help.sap.com/&#8203;docs/&#8203;SAP_S4HANA_ON-PREMISE/&#8203;9442486404b54071b4ebeab6a1662\n8e7/&#8203;063bf3eb68e347efa5c0fc1d389f70f7.html,verified,,19,"Use this reference sheet as an index record for the Utilities AI knowledge library. The SAP Help page is the authoritative source. Store product knowledge separately from client-specific configuration, custom developments, regulatory rules and operating procedures.",This file is an original reference summary and link index. It is not a reproduction of SAP documentation. SAP product names and documentation remain the property of SAP and their respective rights holders.,1,3107,eb1e19ef4d803f4198719e94e0fb23fb5c7166240eafec145f046b4530f6877b
20,20_Clearing_Control_in_Incoming_Payments.pdf,Clearing Control in Incoming Payments,Payments & Clearing,Explains how incoming-payment amounts are assigned to open items using FI-CA clearing control.,Essential source for teaching that payment receipt and open-item clearing are distinct steps.,https://help.sap.com/docs/SAP_S4HANA_ON-PREMISE/9442486404b54071b4ebeab6a16628e7/edcd0c5823854d3296f2591e9f5d118c.html,SAP Help Portal,ok,,printed text differs only by layout artefacts: 6x literal '&#8203;' (zero-width-space HTML entity) in the printed text; printed URL wraps over several lines,https:/&#8203;/&#8203;help.sap.com/&#8203;docs/&#8203;SAP_S4HANA_ON-PREMISE/&#8203;9442486404b54071b4ebeab6a1662\n8e7/&#8203;edcd0c5823854d3296f2591e9f5d118c.html,verified,,20,"Use this reference sheet as an index record for the Utilities AI knowledge library. The SAP Help page is the authoritative source. Store product knowledge separately from client-specific configuration, custom developments, regulatory rules and operating procedures.",This file is an original reference summary and link index. It is not a reproduction of SAP documentation. SAP product names and documentation remain the property of SAP and their respective rights holders.,1,3166,9d03fe95450dd7cc0289d4af9c50ea0ce131d7243cf5690fb84d177685c32199
21,21_Clearing_Types.pdf,Clearing Types,Payments & Clearing,Reference for clearing types used across FI-CA processes.,"Useful for differentiating payment-lot, cash-desk, account-maintenance and payment-run clearing contexts.",https://help.sap.com/docs/SAP_S4HANA_ON-PREMISE/9442486404b54071b4ebeab6a16628e7/e63529e1a3fd42e3a0e2c009ac783e0d.html,SAP Help Portal,ok,,printed text differs only by layout artefacts: 6x literal '&#8203;' (zero-width-space HTML entity) in the printed text; printed URL wraps over several lines,https:/&#8203;/&#8203;help.sap.com/&#8203;docs/&#8203;SAP_S4HANA_ON-PREMISE/&#8203;9442486404b54071b4ebeab6a1662\n8e7/&#8203;e63529e1a3fd42e3a0e2c009ac783e0d.html,verified,,21,"Use this reference sheet as an index record for the Utilities AI knowledge library. The SAP Help page is the authoritative source. Store product knowledge separately from client-specific configuration, custom developments, regulatory rules and operating procedures.",This file is an original reference summary and link index. It is not a reproduction of SAP documentation. SAP product names and documentation remain the property of SAP and their respective rights holders.,1,3085,66173bede3f79219fbd8b75ca75443c782370f9e5cb7483d4c867dbbaaee6c07
22,22_Processing_Incoming_Payments_from_External_Cash_Desks.pdf,Processing Incoming Payments from External Cash Desks,Payments & Clearing,Explains integration of incoming-payment notifications from external cash desks into FI-CA.,Relevant to real-time external payment and reversal scenarios.,https://help.sap.com/docs/SAP_S4HANA_ON-PREMISE/9442486404b54071b4ebeab6a16628e7/3d0ac5536a51204be10000000a174cb4.html,SAP Help Portal,ok,,printed text differs only by layout artefacts: 6x literal '&#8203;' (zero-width-space HTML entity) in the printed text; printed URL wraps over several lines,https:/&#8203;/&#8203;help.sap.com/&#8203;docs/&#8203;SAP_S4HANA_ON-PREMISE/&#8203;9442486404b54071b4ebeab6a1662\n8e7/&#8203;3d0ac5536a51204be10000000a174cb4.html,verified,,22,"Use this reference sheet as an index record for the Utilities AI knowledge library. The SAP Help page is the authoritative source. Store product knowledge separately from client-specific configuration, custom developments, regulatory rules and operating procedures.",This file is an original reference summary and link index. It is not a reproduction of SAP documentation. SAP product names and documentation remain the property of SAP and their respective rights holders.,1,3154,3168dba2c1c0a49d9796c6595940e88f0b81193d319d4c5a22fb189dc80fff2d
23,23_Installment_Plan_Overview.pdf,Installment Plan Overview,Payment Arrangements / Installment Plans,Defines installment plans and how source receivables are redistributed into scheduled installment receivables.,Core source for debt-arrangement concepts and future due dates.,https://help.sap.com/docs/SAP_S4HANA_ON-PREMISE/9442486404b54071b4ebeab6a16628e7/730dc5536a51204be10000000a174cb4.html?version=2025.001,SAP Help Portal,needs_review,query string '?version=2025.001' present (not on most cards; version pin to be confirmed),printed text differs only by layout artefacts: 7x literal '&#8203;' (zero-width-space HTML entity) in the printed text; printed URL wraps over several lines,https:/&#8203;/&#8203;help.sap.com/&#8203;docs/&#8203;SAP_S4HANA_ON-PREMISE/&#8203;9442486404b54071b4ebeab6a1662\n8e7/&#8203;730dc5536a51204be10000000a174cb4.html?&#8203;version=2025.001,needs_review,URL: query string '?version=2025.001' present (not on most cards; version pin to be confirmed),23,"Use this reference sheet as an index record for the Utilities AI knowledge library. The SAP Help page is the authoritative source. Store product knowledge separately from client-specific configuration, custom developments, regulatory rules and operating procedures.",This file is an original reference summary and link index. It is not a reproduction of SAP documentation. SAP product names and documentation remain the property of SAP and their respective rights holders.,1,3156,5fc82f433e51e612e5fe78e47d1cfb47c5d40fc2bfecb00ac8086009193a9d3b
24,24_Creating_Installment_Plans.pdf,Creating Installment Plans,Payment Arrangements / Installment Plans,Explains creation of installment plans and relevant processing considerations.,"Useful for eligibility, setup and downstream clearing/dunning reasoning.",https://help.sap.com/docs/SAP_S4HANA_ON-PREMISE/9442486404b54071b4ebeab6a16628e7/790dc5536a51204be10000000a174cb4.html,SAP Help Portal,ok,,printed text differs only by layout artefacts: 6x literal '&#8203;' (zero-width-space HTML entity) in the printed text; printed URL wraps over several lines,https:/&#8203;/&#8203;help.sap.com/&#8203;docs/&#8203;SAP_S4HANA_ON-PREMISE/&#8203;9442486404b54071b4ebeab6a1662\n8e7/&#8203;790dc5536a51204be10000000a174cb4.html,verified,,24,"Use this reference sheet as an index record for the Utilities AI knowledge library. The SAP Help page is the authoritative source. Store product knowledge separately from client-specific configuration, custom developments, regulatory rules and operating procedures.",This file is an original reference summary and link index. It is not a reproduction of SAP documentation. SAP product names and documentation remain the property of SAP and their respective rights holders.,1,3123,bf7eb138905ead845cc1471d9aa7d1ea384ac9cdabe95f5d95ed0be739344863
25,25_Displaying_and_Changing_Installment_Plans.pdf,Displaying and Changing Installment Plans,Payment Arrangements / Installment Plans,"Covers ongoing lifecycle processing for installment plans, including display/change functions.",Useful for maintenance and exception scenarios after an arrangement is created.,https://help.sap.com/docs/SAP_S4HANA_ON-PREMISE/9442486404b54071b4ebeab6a16628e7/630dc5536a51204be10000000a174cb4.html,SAP Help Portal,ok,,printed text differs only by layout artefacts: 6x literal '&#8203;' (zero-width-space HTML entity) in the printed text; printed URL wraps over several lines,https:/&#8203;/&#8203;help.sap.com/&#8203;docs/&#8203;SAP_S4HANA_ON-PREMISE/&#8203;9442486404b54071b4ebeab6a1662\n8e7/&#8203;630dc5536a51204be10000000a174cb4.html,verified,,25,"Use this reference sheet as an index record for the Utilities AI knowledge library. The SAP Help page is the authoritative source. Store product knowledge separately from client-specific configuration, custom developments, regulatory rules and operating procedures.",This file is an original reference summary and link index. It is not a reproduction of SAP documentation. SAP product names and documentation remain the property of SAP and their respective rights holders.,1,3156,eead43bd7c78f6a4c54a8804db73673e2bfc68ce0f84cac9f2174551e300adb4
26,26_FI_CA_Dunning.pdf,FI-CA Dunning,Dunning & Collections,"Primary reference for FI-CA dunning, overdue items, dunning notices and dunning activities.",Core source for collections escalation logic within Meter-to-Cash.,https://help.sap.com/docs/SAP_S4HANA_ON-PREMISE/9442486404b54071b4ebeab6a16628e7/b1ffc5536a51204be10000000a174cb4.html,SAP Help Portal,ok,,printed text differs only by layout artefacts: 6x literal '&#8203;' (zero-width-space HTML entity) in the printed text; printed URL wraps over several lines,https:/&#8203;/&#8203;help.sap.com/&#8203;docs/&#8203;SAP_S4HANA_ON-PREMISE/&#8203;9442486404b54071b4ebeab6a1662\n8e7/&#8203;b1ffc5536a51204be10000000a174cb4.html,verified,,26,"Use this reference sheet as an index record for the Utilities AI knowledge library. The SAP Help page is the authoritative source. Store product knowledge separately from client-specific configuration, custom developments, regulatory rules and operating procedures.",This file is an original reference summary and link index. It is not a reproduction of SAP documentation. SAP product names and documentation remain the property of SAP and their respective rights holders.,1,3074,253fe0f03b875557018379d0e55f56b2ce90dd90b4702e96630a9625bfdaec46
27,27_Submission_of_Receivables_to_Collection_Agency.pdf,Submission of Receivables to Collection Agency,Dunning & Collections,"Explains the process for releasing, submitting, processing and recalling receivables handled by collection agencies.",Useful for late-stage collections and external-agency lifecycle knowledge.,https://help.sap.com/docs/SAP_S4HANA_ON-PREMISE/9442486404b54071b4ebeab6a16628e7/10e7c5536a51204be10000000a174cb4.html,SAP Help Portal,ok,,printed text differs only by layout artefacts: 6x literal '&#8203;' (zero-width-space HTML entity) in the printed text; printed URL wraps over several lines,https:/&#8203;/&#8203;help.sap.com/&#8203;docs/&#8203;SAP_S4HANA_ON-PREMISE/&#8203;9442486404b54071b4ebeab6a1662\n8e7/&#8203;10e7c5536a51204be10000000a174cb4.html,verified,,27,"Use this reference sheet as an index record for the Utilities AI knowledge library. The SAP Help page is the authoritative source. Store product knowledge separately from client-specific configuration, custom developments, regulatory rules and operating procedures.",This file is an original reference summary and link index. It is not a reproduction of SAP documentation. SAP product names and documentation remain the property of SAP and their respective rights holders.,1,3165,9ec0594c2ce2ee45bb0fb5f631b7527daa0b5f6a6bd67d44bb97d9fc6c3835ac
28,28_Collection_Agency_APIs_and_Enterprise_Services.pdf,Collection Agency APIs and Enterprise Services,Dunning & Collections,Reference for integration mechanisms between FI-CA and external collection agencies.,Important for modern API/service integration knowledge beyond file-based exchanges.,https://help.sap.com/docs/SAP_S4HANA_ON-PREMISE/9442486404b54071b4ebeab6a16628e7/9c9c2344851f412f823d5f8a9dc7c694.html,SAP Help Portal,ok,,printed text differs only by layout artefacts: 6x literal '&#8203;' (zero-width-space HTML entity) in the printed text; printed URL wraps over several lines,https:/&#8203;/&#8203;help.sap.com/&#8203;docs/&#8203;SAP_S4HANA_ON-PREMISE/&#8203;9442486404b54071b4ebeab6a1662\n8e7/&#8203;9c9c2344851f412f823d5f8a9dc7c694.html,verified,,28,"Use this reference sheet as an index record for the Utilities AI knowledge library. The SAP Help page is the authoritative source. Store product knowledge separately from client-specific configuration, custom developments, regulatory rules and operating procedures.",This file is an original reference summary and link index. It is not a reproduction of SAP documentation. SAP product names and documentation remain the property of SAP and their respective rights holders.,1,3157,521d033f5916316b87f0b94537584c1d40a81a6b8f3153a00233d2c316a178bd
29,29_Disconnection_Reconnection_of_a_Utility_Installation.pdf,Disconnection/Reconnection of a Utility Installation,Disconnection & Reconnection,Explains temporary interruption and restoration of utility supply for collection or technical reasons.,Connects overdue debt/dunning to service actions while preserving the distinction between delinquency and disconnect eligibility.,https://help.sap.com/docs/SAP_S4HANA_ON-PREMISE/f4a255a5de524e3992155767996fb1fd/8682ce53118d4308e10000000a174cb4.html,SAP Help Portal,ok,,printed text differs only by layout artefacts: 6x literal '&#8203;' (zero-width-space HTML entity) in the printed text; printed URL wraps over several lines,https:/&#8203;/&#8203;help.sap.com/&#8203;docs/&#8203;SAP_S4HANA_ON-PREMISE/&#8203;f4a255a5de524e3992155767996fb1\nfd/&#8203;8682ce53118d4308e10000000a174cb4.html,verified,,29,"Use this reference sheet as an index record for the Utilities AI knowledge library. The SAP Help page is the authoritative source. Store product knowledge separately from client-specific configuration, custom developments, regulatory rules and operating procedures.",This file is an original reference summary and link index. It is not a reproduction of SAP documentation. SAP product names and documentation remain the property of SAP and their respective rights holders.,1,3213,07dada4a63ff2ff0f5631f23f01ed42c14916ff0701da8f1e44ae71745145851
