no,file,title,category,url,canonical_url,deliverable_id,topic_id,pages,chars,boilerplate_chars,anomalies
1,01_Utilities_Master_Data.pdf,Utilities Master Data,Master Data & Customer Lifecycle,https://help.sap.com/docs/SAP_S4HANA_ON-PREMISE/021b182b0c47416c8fafed67ebfd78a9/0a6ace53118d4308e10000000a174cb4.html,https://help.sap.com/docs/SAP_S4HANA_ON-PREMISE/021b182b0c47416c8fafed67ebfd78a9/0a6ace53118d4308e10000000a174cb4.html,021b182b0c47416c8fafed67ebfd78a9,0a6ace53118d4308e10000000a174cb4,1,1156,514,
2,02_Move_In_Out_Overview.pdf,Move-In/Out Overview,Master Data & Customer Lifecycle,https://help.sap.com/docs/SAP_S4HANA_ON-PREMISE/f4a255a5de524e3992155767996fb1fd/8082ce53118d4308e10000000a174cb4.html,https://help.sap.com/docs/SAP_S4HANA_ON-PREMISE/f4a255a5de524e3992155767996fb1fd/8082ce53118d4308e10000000a174cb4.html,f4a255a5de524e3992155767996fb1fd,8082ce53118d4308e10000000a174cb4,1,1057,514,
3,03_Move_In_Process.pdf,Move-In Process,Master Data & Customer Lifecycle,https://help.sap.com/docs/SAP_S4HANA_ON-PREMISE/f4a255a5de524e3992155767996fb1fd/0981ce53118d4308e10000000a174cb4.html,https://help.sap.com/docs/SAP_S4HANA_ON-PREMISE/f4a255a5de524e3992155767996fb1fd/0981ce53118d4308e10000000a174cb4.html,f4a255a5de524e3992155767996fb1fd,0981ce53118d4308e10000000a174cb4,1,1076,514,
4,04_Move_Out_Process.pdf,Move-Out Process,Master Data & Customer Lifecycle,https://help.sap.com/docs/SAP_S4HANA_ON-PREMISE/f4a255a5de524e3992155767996fb1fd/0f81ce53118d4308e10000000a174cb4.html,https://help.sap.com/docs/SAP_S4HANA_ON-PREMISE/f4a255a5de524e3992155767996fb1fd/0f81ce53118d4308e10000000a174cb4.html,f4a255a5de524e3992155767996fb1fd,0f81ce53118d4308e10000000a174cb4,1,1056,514,
5,05_Device_Management_Overview.pdf,Device Management Overview,Device Management & Meter Reading,https://help.sap.com/docs/SAP_S4HANA_ON-PREMISE/021b182b0c47416c8fafed67ebfd78a9/8990d0533f8e4308e10000000a174cb4.html,https://help.sap.com/docs/SAP_S4HANA_ON-PREMISE/021b182b0c47416c8fafed67ebfd78a9/8990d0533f8e4308e10000000a174cb4.html,021b182b0c47416c8fafed67ebfd78a9,8990d0533f8e4308e10000000a174cb4,1,1062,514,
6,06_Reading_Meters.pdf,Reading Meters,Device Management & Meter Reading,https://help.sap.com/docs/SAP_S4HANA_ON-PREMISE/2ac7fe29a0c94cdd88fb80c2cb9f7758/bc90d0533f8e4308e10000000a174cb4.html,https://help.sap.com/docs/SAP_S4HANA_ON-PREMISE/2ac7fe29a0c94cdd88fb80c2cb9f7758/bc90d0533f8e4308e10000000a174cb4.html,2ac7fe29a0c94cdd88fb80c2cb9f7758,bc90d0533f8e4308e10000000a174cb4,1,1080,514,
7,07_Monitoring_Meter_Reading_Results.pdf,Monitoring Meter Reading Results,Device Management & Meter Reading,https://help.sap.com/docs/SAP_S4HANA_ON-PREMISE/2ac7fe29a0c94cdd88fb80c2cb9f7758/4d76765c1e012b8ae10000000a42189b.html,https://help.sap.com/docs/SAP_S4HANA_ON-PREMISE/2ac7fe29a0c94cdd88fb80c2cb9f7758/4d76765c1e012b8ae10000000a42189b.html,2ac7fe29a0c94cdd88fb80c2cb9f7758,4d76765c1e012b8ae10000000a42189b,1,1075,514,
8,08_Meter_Reading_Estimation.pdf,Meter Reading Estimation,Device Management & Meter Reading,https://help.sap.com/docs/SAP_S4HANA_ON-PREMISE/2ac7fe29a0c94cdd88fb80c2cb9f7758/d090d0533f8e4308e10000000a174cb4.html,https://help.sap.com/docs/SAP_S4HANA_ON-PREMISE/2ac7fe29a0c94cdd88fb80c2cb9f7758/d090d0533f8e4308e10000000a174cb4.html,2ac7fe29a0c94cdd88fb80c2cb9f7758,d090d0533f8e4308e10000000a174cb4,1,1035,514,
9,09_Estimation_Procedure_Details.pdf,Estimation Procedure Details,Device Management & Meter Reading,https://help.sap.com/docs/SAP_S4HANA_ON-PREMISE/2ac7fe29a0c94cdd88fb80c2cb9f7758/bf74c1d28fd54f77b228772b98b72fba.html,https://help.sap.com/docs/SAP_S4HANA_ON-PREMISE/2ac7fe29a0c94cdd88fb80c2cb9f7758/bf74c1d28fd54f77b228772b98b72fba.html,2ac7fe29a0c94cdd88fb80c2cb9f7758,bf74c1d28fd54f77b228772b98b72fba,1,1074,514,
10,10_Meter_Reading_Data_During_Move_In.pdf,Meter Reading Data During Move-In,Device Management & Meter Reading,https://help.sap.com/docs/SAP_S4HANA_ON-PREMISE/f4a255a5de524e3992155767996fb1fd/b781ce53118d4308e10000000a174cb4.html,https://help.sap.com/docs/SAP_S4HANA_ON-PREMISE/f4a255a5de524e3992155767996fb1fd/b781ce53118d4308e10000000a174cb4.html,f4a255a5de524e3992155767996fb1fd,b781ce53118d4308e10000000a174cb4,1,1043,514,
11,11_SAP_Utilities_Billing_Procedure.pdf,SAP Utilities Billing Procedure,Billing,https://help.sap.com/docs/SAP_S4HANA_ON-PREMISE/ed84b70c199d4470ae2e5ccb93b2e45b/147bce53118d4308e10000000a174cb4.html,https://help.sap.com/docs/SAP_S4HANA_ON-PREMISE/ed84b70c199d4470ae2e5ccb93b2e45b/147bce53118d4308e10000000a174cb4.html,ed84b70c199d4470ae2e5ccb93b2e45b,147bce53118d4308e10000000a174cb4,1,1041,514,
12,12_Automatic_Billing.pdf,Automatic Billing,Billing,https://help.sap.com/docs/SAP_S4HANA_ON-PREMISE/ed84b70c199d4470ae2e5ccb93b2e45b/297bce53118d4308e10000000a174cb4.html,https://help.sap.com/docs/SAP_S4HANA_ON-PREMISE/ed84b70c199d4470ae2e5ccb93b2e45b/297bce53118d4308e10000000a174cb4.html,ed84b70c199d4470ae2e5ccb93b2e45b,297bce53118d4308e10000000a174cb4,1,1056,514,
13,13_Budget_Billing_Plan.pdf,Budget Billing Plan,Billing,https://help.sap.com/docs/SAP_S4HANA_ON-PREMISE/021b182b0c47416c8fafed67ebfd78a9/c1a5e8aee73440ee971a768af5b9ea1b.html,https://help.sap.com/docs/SAP_S4HANA_ON-PREMISE/021b182b0c47416c8fafed67ebfd78a9/c1a5e8aee73440ee971a768af5b9ea1b.html,021b182b0c47416c8fafed67ebfd78a9,c1a5e8aee73440ee971a768af5b9ea1b,1,1048,514,
14,14_SAP_Utilities_Invoicing_Procedure.pdf,SAP Utilities Invoicing Procedure,Invoicing,https://help.sap.com/docs/sap_s4hana_on-premise/a003b275c98148ee8a4c3fafe9588fe3/cc7bce53118d4308e10000000a174cb4.html,https://help.sap.com/docs/SAP_S4HANA_ON-PREMISE/a003b275c98148ee8a4c3fafe9588fe3/cc7bce53118d4308e10000000a174cb4.html,a003b275c98148ee8a4c3fafe9588fe3,cc7bce53118d4308e10000000a174cb4,1,1053,514,product segment case differs ('sap_s4hana_on-premise' vs majority 'SAP_S4HANA_ON-PREMISE')
15,15_Processing_Budget_Billing_Plans.pdf,Processing Budget Billing Plans,Invoicing,https://help.sap.com/docs/SAP_S4HANA_ON-PREMISE/a003b275c98148ee8a4c3fafe9588fe3/147cce53118d4308e10000000a174cb4.html,https://help.sap.com/docs/SAP_S4HANA_ON-PREMISE/a003b275c98148ee8a4c3fafe9588fe3/147cce53118d4308e10000000a174cb4.html,a003b275c98148ee8a4c3fafe9588fe3,147cce53118d4308e10000000a174cb4,1,1014,514,
16,16_Periodic_Billing_and_Invoicing_Analysis.pdf,Periodic Billing and Invoicing Analysis,Invoicing,https://help.sap.com/docs/SAP_S4HANA_ON-PREMISE/021b182b0c47416c8fafed67ebfd78a9/549661e6541f403ea56196782e040bcc.html,https://help.sap.com/docs/SAP_S4HANA_ON-PREMISE/021b182b0c47416c8fafed67ebfd78a9/549661e6541f403ea56196782e040bcc.html,021b182b0c47416c8fafed67ebfd78a9,549661e6541f403ea56196782e040bcc,1,1030,514,
17,17_Contract_Accounts_Overview.pdf,Contract Accounts Overview,FI-CA / Contract Accounting,https://help.sap.com/docs/SAP_S4HANA_ON-PREMISE/e52c8ee6197147ec97dfc2eb8c46a3ad/0bfcc5536a51204be10000000a174cb4.html,https://help.sap.com/docs/SAP_S4HANA_ON-PREMISE/e52c8ee6197147ec97dfc2eb8c46a3ad/0bfcc5536a51204be10000000a174cb4.html,e52c8ee6197147ec97dfc2eb8c46a3ad,0bfcc5536a51204be10000000a174cb4,1,1038,514,
18,18_Contract_Account_Business_Object.pdf,Contract Account Business Object,FI-CA / Contract Accounting,https://help.sap.com/docs/SAP_S4HANA_ON-PREMISE/9442486404b54071b4ebeab6a16628e7/b1a202c9bb3011da2b24000f20dac9ef.html?version=2025.001,https://help.sap.com/docs/SAP_S4HANA_ON-PREMISE/9442486404b54071b4ebeab6a16628e7/b1a202c9bb3011da2b24000f20dac9ef.html?version=2025.001,9442486404b54071b4ebeab6a16628e7,b1a202c9bb3011da2b24000f20dac9ef,1,1102,514,query string present: ?version=2025.001
19,19_Analyze_Incoming_Payments.pdf,Analyze Incoming Payments,Payments & Clearing,https://help.sap.com/docs/SAP_S4HANA_ON-PREMISE/9442486404b54071b4ebeab6a16628e7/063bf3eb68e347efa5c0fc1d389f70f7.html,https://help.sap.com/docs/SAP_S4HANA_ON-PREMISE/9442486404b54071b4ebeab6a16628e7/063bf3eb68e347efa5c0fc1d389f70f7.html,9442486404b54071b4ebeab6a16628e7,063bf3eb68e347efa5c0fc1d389f70f7,1,1034,514,
20,20_Clearing_Control_in_Incoming_Payments.pdf,Clearing Control in Incoming Payments,Payments & Clearing,https://help.sap.com/docs/SAP_S4HANA_ON-PREMISE/9442486404b54071b4ebeab6a16628e7/edcd0c5823854d3296f2591e9f5d118c.html,https://help.sap.com/docs/SAP_S4HANA_ON-PREMISE/9442486404b54071b4ebeab6a16628e7/edcd0c5823854d3296f2591e9f5d118c.html,9442486404b54071b4ebeab6a16628e7,edcd0c5823854d3296f2591e9f5d118c,1,1076,514,
21,21_Clearing_Types.pdf,Clearing Types,Payments & Clearing,https://help.sap.com/docs/SAP_S4HANA_ON-PREMISE/9442486404b54071b4ebeab6a16628e7/e63529e1a3fd42e3a0e2c009ac783e0d.html,https://help.sap.com/docs/SAP_S4HANA_ON-PREMISE/9442486404b54071b4ebeab6a16628e7/e63529e1a3fd42e3a0e2c009ac783e0d.html,9442486404b54071b4ebeab6a16628e7,e63529e1a3fd42e3a0e2c009ac783e0d,1,1028,514,
22,22_Processing_Incoming_Payments_from_External_Cash_Desks.pdf,Processing Incoming Payments from External Cash Desks,Payments & Clearing,https://help.sap.com/docs/SAP_S4HANA_ON-PREMISE/9442486404b54071b4ebeab6a16628e7/3d0ac5536a51204be10000000a174cb4.html,https://help.sap.com/docs/SAP_S4HANA_ON-PREMISE/9442486404b54071b4ebeab6a16628e7/3d0ac5536a51204be10000000a174cb4.html,9442486404b54071b4ebeab6a16628e7,3d0ac5536a51204be10000000a174cb4,1,1058,514,
23,23_Installment_Plan_Overview.pdf,Installment Plan Overview,Payment Arrangements / Installment Plans,https://help.sap.com/docs/SAP_S4HANA_ON-PREMISE/9442486404b54071b4ebeab6a16628e7/730dc5536a51204be10000000a174cb4.html?version=2025.001,https://help.sap.com/docs/SAP_S4HANA_ON-PREMISE/9442486404b54071b4ebeab6a16628e7/730dc5536a51204be10000000a174cb4.html?version=2025.001,9442486404b54071b4ebeab6a16628e7,730dc5536a51204be10000000a174cb4,1,1095,514,query string present: ?version=2025.001
24,24_Creating_Installment_Plans.pdf,Creating Installment Plans,Payment Arrangements / Installment Plans,https://help.sap.com/docs/SAP_S4HANA_ON-PREMISE/9442486404b54071b4ebeab6a16628e7/790dc5536a51204be10000000a174cb4.html,https://help.sap.com/docs/SAP_S4HANA_ON-PREMISE/9442486404b54071b4ebeab6a16628e7/790dc5536a51204be10000000a174cb4.html,9442486404b54071b4ebeab6a16628e7,790dc5536a51204be10000000a174cb4,1,1049,514,
25,25_Displaying_and_Changing_Installment_Plans.pdf,Displaying and Changing Installment Plans,Payment Arrangements / Installment Plans,https://help.sap.com/docs/SAP_S4HANA_ON-PREMISE/9442486404b54071b4ebeab6a16628e7/630dc5536a51204be10000000a174cb4.html,https://help.sap.com/docs/SAP_S4HANA_ON-PREMISE/9442486404b54071b4ebeab6a16628e7/630dc5536a51204be10000000a174cb4.html,9442486404b54071b4ebeab6a16628e7,630dc5536a51204be10000000a174cb4,1,1087,514,
26,26_FI_CA_Dunning.pdf,FI-CA Dunning,Dunning & Collections,https://help.sap.com/docs/SAP_S4HANA_ON-PREMISE/9442486404b54071b4ebeab6a16628e7/b1ffc5536a51204be10000000a174cb4.html,https://help.sap.com/docs/SAP_S4HANA_ON-PREMISE/9442486404b54071b4ebeab6a16628e7/b1ffc5536a51204be10000000a174cb4.html,9442486404b54071b4ebeab6a16628e7,b1ffc5536a51204be10000000a174cb4,1,1024,514,
27,27_Submission_of_Receivables_to_Collection_Agency.pdf,Submission of Receivables to Collection Agency,Dunning & Collections,https://help.sap.com/docs/SAP_S4HANA_ON-PREMISE/9442486404b54071b4ebeab6a16628e7/10e7c5536a51204be10000000a174cb4.html,https://help.sap.com/docs/SAP_S4HANA_ON-PREMISE/9442486404b54071b4ebeab6a16628e7/10e7c5536a51204be10000000a174cb4.html,9442486404b54071b4ebeab6a16628e7,10e7c5536a51204be10000000a174cb4,1,1090,514,
28,28_Collection_Agency_APIs_and_Enterprise_Services.pdf,Collection Agency APIs and Enterprise Services,Dunning & Collections,https://help.sap.com/docs/SAP_S4HANA_ON-PREMISE/9442486404b54071b4ebeab6a16628e7/9c9c2344851f412f823d5f8a9dc7c694.html,https://help.sap.com/docs/SAP_S4HANA_ON-PREMISE/9442486404b54071b4ebeab6a16628e7/9c9c2344851f412f823d5f8a9dc7c694.html,9442486404b54071b4ebeab6a16628e7,9c9c2344851f412f823d5f8a9dc7c694,1,1067,514,
29,29_Disconnection_Reconnection_of_a_Utility_Installation.pdf,Disconnection/Reconnection of a Utility Installation,Disconnection & Reconnection,https://help.sap.com/docs/SAP_S4HANA_ON-PREMISE/f4a255a5de524e3992155767996fb1fd/8682ce53118d4308e10000000a174cb4.html,https://help.sap.com/docs/SAP_S4HANA_ON-PREMISE/f4a255a5de524e3992155767996fb1fd/8682ce53118d4308e10000000a174cb4.html,f4a255a5de524e3992155767996fb1fd,8682ce53118d4308e10000000a174cb4,1,1144,514,
